category,title,location
Commerce,Vendeur  H/F,Montélimar
"Services à la personne (Nettoyage, Espace vert)",Agent de nettoyage  H/F,Annemasse
Logistique,Chauffeur PL  H/F,Limoges
Administratif/Accueil/Secrétariat/Assistanat,Assistant administratif  H/F,Saint-Thibéry
Logistique,Agent d’exploitation  H/F,Gennevilliers
Commerce,Employe commercial fruits et legumes  H/F,Cessy
Industrie/Fabrication/Transformation,Chaudronnier métallier  H/F,Saint-André-de-Cubzac
Transport,Chauffeur spl  H/F,Saint-James
Industrie/Fabrication/Transformation,Chef d’équipe   H/F,Estrablin
Commerce,Vendeur   H/F,Annemasse
Industrie/Fabrication/Transformation,Technicien de maintenance –  H/F,Saint-Herblain
Industrie/Fabrication/Transformation,Préparateur de pièce  H/F,Firminy
